{"2022-7":[{"title":"eu.org免费域名白嫖教程以及避坑","date":"2022-07-06T03:50:53.000Z","link":"/posts/aedd05c3/"},{"title":"用Cloudflare或Vercel、Netlify托管网站","date":"2022-07-08T08:30:51.000Z","link":"/posts/e433f3d/"},{"title":"有关搭建博客的想法","date":"2022-07-18T03:23:06.000Z","link":"/posts/6d1af91/"},{"title":"GoormIDE的VPS白嫖（1）-白嫖与安装宝塔面板教程","date":"2022-07-25T04:12:10.000Z","link":"/posts/14740f7c/"},{"title":"宝塔面板部署Apache服务器遇到的坑：Internal Server Error","date":"2022-07-25T07:05:21.000Z","link":"/posts/61b9829e/"},{"title":"GoormIDE的VPS白嫖（2）-搭配宝塔面板搭建你的wordpress或Hexo服务器","date":"2022-07-28T06:00:32.000Z","link":"/posts/bbc95d58/"}],"2022-8":[{"title":"GoormIDE的VPS白嫖（3）- 自定义域名教程","date":"2022-08-03T02:45:47.000Z","link":"/posts/ec12b762/"},{"title":"Goorm的VPS白嫖（4）-搭建MCSManger面板服","date":"2022-08-07T23:36:49.000Z","link":"/posts/8245da27/"},{"title":"Microsoft365E5白嫖不完整指北（有好东西）","date":"2022-08-09T07:05:07.000Z","link":"/posts/29b0359b/"},{"title":"GoormIDE封号原因分析以及解决办法","date":"2022-08-12T00:30:50.000Z","link":"/posts/3ee11b0f/"},{"title":"关于我对现在的何同学的看法","date":"2022-08-14T00:39:02.000Z","link":"/posts/45897d5c/"},{"title":"小树3DTouch避坑指北","date":"2022-08-14T06:40:16.000Z","link":"/posts/a716f712/"},{"title":"让你的网站在一些日子中自动弹窗/灰屏","date":"2022-08-14T07:29:39.000Z","link":"/posts/7e9276a3/"},{"title":"Hexo Butterfly宽屏适配指北","date":"2022-08-15T02:24:43.000Z","link":"/posts/d1fc759/"},{"title":"BBTalk魔改：让bbtalk的样式变成瀑布流","date":"2022-08-15T06:55:03.000Z","link":"/posts/70734559/"},{"title":"让butterfly主题支持文章点赞","date":"2022-08-16T02:51:44.000Z","link":"/posts/1b850b16/"},{"title":"butterfly博客自定义右键菜单升级版","date":"2022-08-17T01:07:28.000Z","link":"/posts/11eb4aac/"},{"title":"Butterfly主题的留言弹幕界面增强版（支持Twikoo、Waline、Valine）","date":"2022-08-17T05:50:44.000Z","link":"/posts/69707535/"},{"title":"Butterfly主题的一些侧边栏插件","date":"2022-08-19T05:55:27.000Z","link":"/posts/4ae2ec41/"},{"title":"Hexo butterfly首页随便逛逛banner教程","date":"2022-08-25T05:52:35.000Z","link":"/posts/bd7ef112/"},{"title":"各种HTTP状态码大全（带表情包）","date":"2022-08-28T03:23:00.000Z","link":"/posts/53e6b356/"}],"2022-9":[{"title":"关于Butterfly的导航栏的一些教程","date":"2022-09-01T06:33:38.000Z","link":"/posts/895003b5/"},{"title":"PyQt5-论如何让窗口置顶","date":"2022-09-01T09:11:14.000Z","link":"/posts/5e2c4b67/"}]}