{"Heo":{"type":"image","container":[{"icon":"<img src=\"https://cdn1.tianli0.top/npm/sticker-heo@2022.7.5/Sticker-100/3d眼镜.png\">","text":"heo-3d眼镜"},{"icon":"<img src=\"https://cdn1.tianli0.top/npm/sticker-heo@2022.7.5/Sticker-100/EDG.png\">","text":"heo-EDG"},{"icon":"<img src=\"https://cdn1.tianli0.top/npm/sticker-heo@2022.7.5/Sticker-100/LPL.png\">","text":"heo-LPL"},{"icon":"<img src=\"https://cdn1.tianli0.top/npm/sticker-heo@2022.7.5/Sticker-100/beluga.png\">","text":"heo-beluga"},{"icon":"<img src=\"https://cdn1.tianli0.top/npm/sticker-heo@2022.7.5/Sticker-100/不好意思.png\">","text":"heo-不好意思"},{"icon":"<img src=\"https://cdn1.tianli0.top/npm/sticker-heo@2022.7.5/Sticker-100/不服吗.png\">","text":"heo-不服吗"},{"icon":"<img src=\"https://cdn1.tianli0.top/npm/sticker-heo@2022.7.5/Sticker-100/亲亲.png\">","text":"heo-亲亲"},{"icon":"<img src=\"https://cdn1.tianli0.top/npm/sticker-heo@2022.7.5/Sticker-100/伞兵.png\">","text":"heo-伞兵"},{"icon":"<img src=\"https://cdn1.tianli0.top/npm/sticker-heo@2022.7.5/Sticker-100/倚墙笑.png\">","text":"heo-倚墙笑"},{"icon":"<img src=\"https://cdn1.tianli0.top/npm/sticker-heo@2022.7.5/Sticker-100/值得肯定.png\">","text":"heo-值得肯定"},{"icon":"<img src=\"https://cdn1.tianli0.top/npm/sticker-heo@2022.7.5/Sticker-100/偷偷看.png\">","text":"heo-偷偷看"},{"icon":"<img src=\"https://cdn1.tianli0.top/npm/sticker-heo@2022.7.5/Sticker-100/傻笑.png\">","text":"heo-傻笑"},{"icon":"<img src=\"https://cdn1.tianli0.top/npm/sticker-heo@2022.7.5/Sticker-100/再见.png\">","text":"heo-再见"},{"icon":"<img src=\"https://cdn1.tianli0.top/npm/sticker-heo@2022.7.5/Sticker-100/出家人.png\">","text":"heo-出家人"},{"icon":"<img src=\"https://cdn1.tianli0.top/npm/sticker-heo@2022.7.5/Sticker-100/击剑.png\">","text":"heo-击剑"},{"icon":"<img src=\"https://cdn1.tianli0.top/npm/sticker-heo@2022.7.5/Sticker-100/加班.png\">","text":"heo-加班"},{"icon":"<img src=\"https://cdn1.tianli0.top/npm/sticker-heo@2022.7.5/Sticker-100/勉强笑.png\">","text":"heo-勉强笑"},{"icon":"<img src=\"https://cdn1.tianli0.top/npm/sticker-heo@2022.7.5/Sticker-100/危险.png\">","text":"heo-危险"},{"icon":"<img src=\"https://cdn1.tianli0.top/npm/sticker-heo@2022.7.5/Sticker-100/发红包.png\">","text":"heo-发红包"},{"icon":"<img src=\"https://cdn1.tianli0.top/npm/sticker-heo@2022.7.5/Sticker-100/吃手.png\">","text":"heo-吃手"},{"icon":"<img src=\"https://cdn1.tianli0.top/npm/sticker-heo@2022.7.5/Sticker-100/吃瓜.png\">","text":"heo-吃瓜"},{"icon":"<img src=\"https://cdn1.tianli0.top/npm/sticker-heo@2022.7.5/Sticker-100/吐血.png\">","text":"heo-吐血"},{"icon":"<img src=\"https://cdn1.tianli0.top/npm/sticker-heo@2022.7.5/Sticker-100/吵架.png\">","text":"heo-吵架"},{"icon":"<img src=\"https://cdn1.tianli0.top/npm/sticker-heo@2022.7.5/Sticker-100/呦吼.png\">","text":"heo-呦吼"},{"icon":"<img src=\"https://cdn1.tianli0.top/npm/sticker-heo@2022.7.5/Sticker-100/呲牙笑.png\">","text":"heo-呲牙笑"},{"icon":"<img src=\"https://cdn1.tianli0.top/npm/sticker-heo@2022.7.5/Sticker-100/哈士奇.png\">","text":"heo-哈士奇"},{"icon":"<img src=\"https://cdn1.tianli0.top/npm/sticker-heo@2022.7.5/Sticker-100/哈士奇失去意识.png\">","text":"heo-哈士奇失去意识"},{"icon":"<img src=\"https://cdn1.tianli0.top/npm/sticker-heo@2022.7.5/Sticker-100/哈士奇失望.png\">","text":"heo-哈士奇失望"},{"icon":"<img src=\"https://cdn1.tianli0.top/npm/sticker-heo@2022.7.5/Sticker-100/哭泣.png\">","text":"heo-哭泣"},{"icon":"<img src=\"https://cdn1.tianli0.top/npm/sticker-heo@2022.7.5/Sticker-100/唱歌.png\">","text":"heo-唱歌"},{"icon":"<img src=\"https://cdn1.tianli0.top/npm/sticker-heo@2022.7.5/Sticker-100/喜欢.png\">","text":"heo-喜欢"},{"icon":"<img src=\"https://cdn1.tianli0.top/npm/sticker-heo@2022.7.5/Sticker-100/嘿哈.png\">","text":"heo-嘿哈"},{"icon":"<img src=\"https://cdn1.tianli0.top/npm/sticker-heo@2022.7.5/Sticker-100/大笑.png\">","text":"heo-大笑"},{"icon":"<img src=\"https://cdn1.tianli0.top/npm/sticker-heo@2022.7.5/Sticker-100/失去信号.png\">","text":"heo-失去信号"},{"icon":"<img src=\"https://cdn1.tianli0.top/npm/sticker-heo@2022.7.5/Sticker-100/失望.png\">","text":"heo-失望"},{"icon":"<img src=\"https://cdn1.tianli0.top/npm/sticker-heo@2022.7.5/Sticker-100/头秃.png\">","text":"heo-头秃"},{"icon":"<img src=\"https://cdn1.tianli0.top/npm/sticker-heo@2022.7.5/Sticker-100/奋斗.png\">","text":"heo-奋斗"},{"icon":"<img src=\"https://cdn1.tianli0.top/npm/sticker-heo@2022.7.5/Sticker-100/好奇.png\">","text":"heo-好奇"},{"icon":"<img src=\"https://cdn1.tianli0.top/npm/sticker-heo@2022.7.5/Sticker-100/好的.png\">","text":"heo-好的"},{"icon":"<img src=\"https://cdn1.tianli0.top/npm/sticker-heo@2022.7.5/Sticker-100/害羞.png\">","text":"heo-害羞"},{"icon":"<img src=\"https://cdn1.tianli0.top/npm/sticker-heo@2022.7.5/Sticker-100/小丑.png\">","text":"heo-小丑"},{"icon":"<img src=\"https://cdn1.tianli0.top/npm/sticker-heo@2022.7.5/Sticker-100/小偷.png\">","text":"heo-小偷"},{"icon":"<img src=\"https://cdn1.tianli0.top/npm/sticker-heo@2022.7.5/Sticker-100/尬笑.png\">","text":"heo-尬笑"},{"icon":"<img src=\"https://cdn1.tianli0.top/npm/sticker-heo@2022.7.5/Sticker-100/尴尬.png\">","text":"heo-尴尬"},{"icon":"<img src=\"https://cdn1.tianli0.top/npm/sticker-heo@2022.7.5/Sticker-100/应援.png\">","text":"heo-应援"},{"icon":"<img src=\"https://cdn1.tianli0.top/npm/sticker-heo@2022.7.5/Sticker-100/开心.png\">","text":"heo-开心"},{"icon":"<img src=\"https://cdn1.tianli0.top/npm/sticker-heo@2022.7.5/Sticker-100/引起不适.png\">","text":"heo-引起不适"},{"icon":"<img src=\"https://cdn1.tianli0.top/npm/sticker-heo@2022.7.5/Sticker-100/微笑.png\">","text":"heo-微笑"},{"icon":"<img src=\"https://cdn1.tianli0.top/npm/sticker-heo@2022.7.5/Sticker-100/思考.png\">","text":"heo-思考"},{"icon":"<img src=\"https://cdn1.tianli0.top/npm/sticker-heo@2022.7.5/Sticker-100/恶心.png\">","text":"heo-恶心"},{"icon":"<img src=\"https://cdn1.tianli0.top/npm/sticker-heo@2022.7.5/Sticker-100/恶魔.png\">","text":"heo-恶魔"},{"icon":"<img src=\"https://cdn1.tianli0.top/npm/sticker-heo@2022.7.5/Sticker-100/恶魔恐惧.png\">","text":"heo-恶魔恐惧"},{"icon":"<img src=\"https://cdn1.tianli0.top/npm/sticker-heo@2022.7.5/Sticker-100/惊吓.png\">","text":"heo-惊吓"},{"icon":"<img src=\"https://cdn1.tianli0.top/npm/sticker-heo@2022.7.5/Sticker-100/惊吓白眼.png\">","text":"heo-惊吓白眼"},{"icon":"<img src=\"https://cdn1.tianli0.top/npm/sticker-heo@2022.7.5/Sticker-100/惊讶.png\">","text":"heo-惊讶"},{"icon":"<img src=\"https://cdn1.tianli0.top/npm/sticker-heo@2022.7.5/Sticker-100/惬意.png\">","text":"heo-惬意"},{"icon":"<img src=\"https://cdn1.tianli0.top/npm/sticker-heo@2022.7.5/Sticker-100/感动.png\">","text":"heo-感动"},{"icon":"<img src=\"https://cdn1.tianli0.top/npm/sticker-heo@2022.7.5/Sticker-100/愤怒.png\">","text":"heo-愤怒"},{"icon":"<img src=\"https://cdn1.tianli0.top/npm/sticker-heo@2022.7.5/Sticker-100/我看好你.png\">","text":"heo-我看好你"},{"icon":"<img src=\"https://cdn1.tianli0.top/npm/sticker-heo@2022.7.5/Sticker-100/手机相机.png\">","text":"heo-手机相机"},{"icon":"<img src=\"https://cdn1.tianli0.top/npm/sticker-heo@2022.7.5/Sticker-100/打咩.png\">","text":"heo-打咩"},{"icon":"<img src=\"https://cdn1.tianli0.top/npm/sticker-heo@2022.7.5/Sticker-100/打牌.png\">","text":"heo-打牌"},{"icon":"<img src=\"https://cdn1.tianli0.top/npm/sticker-heo@2022.7.5/Sticker-100/托腮.png\">","text":"heo-托腮"},{"icon":"<img src=\"https://cdn1.tianli0.top/npm/sticker-heo@2022.7.5/Sticker-100/扶额.png\">","text":"heo-扶额"},{"icon":"<img src=\"https://cdn1.tianli0.top/npm/sticker-heo@2022.7.5/Sticker-100/抠鼻.png\">","text":"heo-抠鼻"},{"icon":"<img src=\"https://cdn1.tianli0.top/npm/sticker-heo@2022.7.5/Sticker-100/抬眼镜.png\">","text":"heo-抬眼镜"},{"icon":"<img src=\"https://cdn1.tianli0.top/npm/sticker-heo@2022.7.5/Sticker-100/拜托.png\">","text":"heo-拜托"},{"icon":"<img src=\"https://cdn1.tianli0.top/npm/sticker-heo@2022.7.5/Sticker-100/捂嘴笑.png\">","text":"heo-捂嘴笑"},{"icon":"<img src=\"https://cdn1.tianli0.top/npm/sticker-heo@2022.7.5/Sticker-100/捂脸.png\">","text":"heo-捂脸"},{"icon":"<img src=\"https://cdn1.tianli0.top/npm/sticker-heo@2022.7.5/Sticker-100/擦汗.png\">","text":"heo-擦汗"},{"icon":"<img src=\"https://cdn1.tianli0.top/npm/sticker-heo@2022.7.5/Sticker-100/放鞭炮.png\">","text":"heo-放鞭炮"},{"icon":"<img src=\"https://cdn1.tianli0.top/npm/sticker-heo@2022.7.5/Sticker-100/敬礼.png\">","text":"heo-敬礼"},{"icon":"<img src=\"https://cdn1.tianli0.top/npm/sticker-heo@2022.7.5/Sticker-100/整理发型.png\">","text":"heo-整理发型"},{"icon":"<img src=\"https://cdn1.tianli0.top/npm/sticker-heo@2022.7.5/Sticker-100/斗鸡眼.png\">","text":"heo-斗鸡眼"},{"icon":"<img src=\"https://cdn1.tianli0.top/npm/sticker-heo@2022.7.5/Sticker-100/智慧的眼神.png\">","text":"heo-智慧的眼神"},{"icon":"<img src=\"https://cdn1.tianli0.top/npm/sticker-heo@2022.7.5/Sticker-100/月饼.png\">","text":"heo-月饼"},{"icon":"<img src=\"https://cdn1.tianli0.top/npm/sticker-heo@2022.7.5/Sticker-100/有没有搞错.png\">","text":"heo-有没有搞错"},{"icon":"<img src=\"https://cdn1.tianli0.top/npm/sticker-heo@2022.7.5/Sticker-100/正确.png\">","text":"heo-正确"},{"icon":"<img src=\"https://cdn1.tianli0.top/npm/sticker-heo@2022.7.5/Sticker-100/没招.png\">","text":"heo-没招"},{"icon":"<img src=\"https://cdn1.tianli0.top/npm/sticker-heo@2022.7.5/Sticker-100/波吉.png\">","text":"heo-波吉"},{"icon":"<img src=\"https://cdn1.tianli0.top/npm/sticker-heo@2022.7.5/Sticker-100/泪奔.png\">","text":"heo-泪奔"},{"icon":"<img src=\"https://cdn1.tianli0.top/npm/sticker-heo@2022.7.5/Sticker-100/流汗微笑.png\">","text":"heo-流汗微笑"},{"icon":"<img src=\"https://cdn1.tianli0.top/npm/sticker-heo@2022.7.5/Sticker-100/流鼻涕.png\">","text":"heo-流鼻涕"},{"icon":"<img src=\"https://cdn1.tianli0.top/npm/sticker-heo@2022.7.5/Sticker-100/深思.png\">","text":"heo-深思"},{"icon":"<img src=\"https://cdn1.tianli0.top/npm/sticker-heo@2022.7.5/Sticker-100/滑稽.png\">","text":"heo-滑稽"},{"icon":"<img src=\"https://cdn1.tianli0.top/npm/sticker-heo@2022.7.5/Sticker-100/滑稽吃瓜.png\">","text":"heo-滑稽吃瓜"},{"icon":"<img src=\"https://cdn1.tianli0.top/npm/sticker-heo@2022.7.5/Sticker-100/滑稽喝水.png\">","text":"heo-滑稽喝水"},{"icon":"<img src=\"https://cdn1.tianli0.top/npm/sticker-heo@2022.7.5/Sticker-100/滑稽奶茶.png\">","text":"heo-滑稽奶茶"},{"icon":"<img src=\"https://cdn1.tianli0.top/npm/sticker-heo@2022.7.5/Sticker-100/滑稽柠檬.png\">","text":"heo-滑稽柠檬"},{"icon":"<img src=\"https://cdn1.tianli0.top/npm/sticker-heo@2022.7.5/Sticker-100/滑稽狂汗.png\">","text":"heo-滑稽狂汗"},{"icon":"<img src=\"https://cdn1.tianli0.top/npm/sticker-heo@2022.7.5/Sticker-100/滑稽被子.png\">","text":"heo-滑稽被子"},{"icon":"<img src=\"https://cdn1.tianli0.top/npm/sticker-heo@2022.7.5/Sticker-100/烦恼.png\">","text":"heo-烦恼"},{"icon":"<img src=\"https://cdn1.tianli0.top/npm/sticker-heo@2022.7.5/Sticker-100/熊熊.png\">","text":"heo-熊熊"},{"icon":"<img src=\"https://cdn1.tianli0.top/npm/sticker-heo@2022.7.5/Sticker-100/熊猫.png\">","text":"heo-熊猫"},{"icon":"<img src=\"https://cdn1.tianli0.top/npm/sticker-heo@2022.7.5/Sticker-100/熊猫唱歌.png\">","text":"heo-熊猫唱歌"},{"icon":"<img src=\"https://cdn1.tianli0.top/npm/sticker-heo@2022.7.5/Sticker-100/熊猫喜欢.png\">","text":"heo-熊猫喜欢"},{"icon":"<img src=\"https://cdn1.tianli0.top/npm/sticker-heo@2022.7.5/Sticker-100/熊猫失望.png\">","text":"heo-熊猫失望"},{"icon":"<img src=\"https://cdn1.tianli0.top/npm/sticker-heo@2022.7.5/Sticker-100/熊猫意外.png\">","text":"heo-熊猫意外"},{"icon":"<img src=\"https://cdn1.tianli0.top/npm/sticker-heo@2022.7.5/Sticker-100/熬夜.png\">","text":"heo-熬夜"},{"icon":"<img src=\"https://cdn1.tianli0.top/npm/sticker-heo@2022.7.5/Sticker-100/爆炸.png\">","text":"heo-爆炸"},{"icon":"<img src=\"https://cdn1.tianli0.top/npm/sticker-heo@2022.7.5/Sticker-100/牛年进宝.png\">","text":"heo-牛年进宝"},{"icon":"<img src=\"https://cdn1.tianli0.top/npm/sticker-heo@2022.7.5/Sticker-100/狂热.png\">","text":"heo-狂热"},{"icon":"<img src=\"https://cdn1.tianli0.top/npm/sticker-heo@2022.7.5/Sticker-100/狗头.png\">","text":"heo-狗头"},{"icon":"<img src=\"https://cdn1.tianli0.top/npm/sticker-heo@2022.7.5/Sticker-100/狗头围脖.png\">","text":"heo-狗头围脖"},{"icon":"<img src=\"https://cdn1.tianli0.top/npm/sticker-heo@2022.7.5/Sticker-100/狗头失望.png\">","text":"heo-狗头失望"},{"icon":"<img src=\"https://cdn1.tianli0.top/npm/sticker-heo@2022.7.5/Sticker-100/狗头意外.png\">","text":"heo-狗头意外"},{"icon":"<img src=\"https://cdn1.tianli0.top/npm/sticker-heo@2022.7.5/Sticker-100/狗头胖次.png\">","text":"heo-狗头胖次"},{"icon":"<img src=\"https://cdn1.tianli0.top/npm/sticker-heo@2022.7.5/Sticker-100/狗头花.png\">","text":"heo-狗头花"},{"icon":"<img src=\"https://cdn1.tianli0.top/npm/sticker-heo@2022.7.5/Sticker-100/狗头草.png\">","text":"heo-狗头草"},{"icon":"<img src=\"https://cdn1.tianli0.top/npm/sticker-heo@2022.7.5/Sticker-100/猪头.png\">","text":"heo-猪头"},{"icon":"<img src=\"https://cdn1.tianli0.top/npm/sticker-heo@2022.7.5/Sticker-100/猪头意外.png\">","text":"heo-猪头意外"},{"icon":"<img src=\"https://cdn1.tianli0.top/npm/sticker-heo@2022.7.5/Sticker-100/生病.png\">","text":"heo-生病"},{"icon":"<img src=\"https://cdn1.tianli0.top/npm/sticker-heo@2022.7.5/Sticker-100/电话.png\">","text":"heo-电话"},{"icon":"<img src=\"https://cdn1.tianli0.top/npm/sticker-heo@2022.7.5/Sticker-100/疑问.png\">","text":"heo-疑问"},{"icon":"<img src=\"https://cdn1.tianli0.top/npm/sticker-heo@2022.7.5/Sticker-100/疼痛.png\">","text":"heo-疼痛"},{"icon":"<img src=\"https://cdn1.tianli0.top/npm/sticker-heo@2022.7.5/Sticker-100/痛哭.png\">","text":"heo-痛哭"},{"icon":"<img src=\"https://cdn1.tianli0.top/npm/sticker-heo@2022.7.5/Sticker-100/看穿一切.png\">","text":"heo-看穿一切"},{"icon":"<img src=\"https://cdn1.tianli0.top/npm/sticker-heo@2022.7.5/Sticker-100/眩晕.png\">","text":"heo-眩晕"},{"icon":"<img src=\"https://cdn1.tianli0.top/npm/sticker-heo@2022.7.5/Sticker-100/睡觉.png\">","text":"heo-睡觉"},{"icon":"<img src=\"https://cdn1.tianli0.top/npm/sticker-heo@2022.7.5/Sticker-100/禁言.png\">","text":"heo-禁言"},{"icon":"<img src=\"https://cdn1.tianli0.top/npm/sticker-heo@2022.7.5/Sticker-100/笑哭.png\">","text":"heo-笑哭"},{"icon":"<img src=\"https://cdn1.tianli0.top/npm/sticker-heo@2022.7.5/Sticker-100/纠结.png\">","text":"heo-纠结"},{"icon":"<img src=\"https://cdn1.tianli0.top/npm/sticker-heo@2022.7.5/Sticker-100/绿帽.png\">","text":"heo-绿帽"},{"icon":"<img src=\"https://cdn1.tianli0.top/npm/sticker-heo@2022.7.5/Sticker-100/缺牙笑.png\">","text":"heo-缺牙笑"},{"icon":"<img src=\"https://cdn1.tianli0.top/npm/sticker-heo@2022.7.5/Sticker-100/翻白眼.png\">","text":"heo-翻白眼"},{"icon":"<img src=\"https://cdn1.tianli0.top/npm/sticker-heo@2022.7.5/Sticker-100/老虎意外.png\">","text":"heo-老虎意外"},{"icon":"<img src=\"https://cdn1.tianli0.top/npm/sticker-heo@2022.7.5/Sticker-100/耍酷.png\">","text":"heo-耍酷"},{"icon":"<img src=\"https://cdn1.tianli0.top/npm/sticker-heo@2022.7.5/Sticker-100/胡子.png\">","text":"heo-胡子"},{"icon":"<img src=\"https://cdn1.tianli0.top/npm/sticker-heo@2022.7.5/Sticker-100/菜狗.png\">","text":"heo-菜狗"},{"icon":"<img src=\"https://cdn1.tianli0.top/npm/sticker-heo@2022.7.5/Sticker-100/菜狗花.png\">","text":"heo-菜狗花"},{"icon":"<img src=\"https://cdn1.tianli0.top/npm/sticker-heo@2022.7.5/Sticker-100/蒙面滑稽.png\">","text":"heo-蒙面滑稽"},{"icon":"<img src=\"https://cdn1.tianli0.top/npm/sticker-heo@2022.7.5/Sticker-100/虎年进宝.png\">","text":"heo-虎年进宝"},{"icon":"<img src=\"https://cdn1.tianli0.top/npm/sticker-heo@2022.7.5/Sticker-100/被打.png\">","text":"heo-被打"},{"icon":"<img src=\"https://cdn1.tianli0.top/npm/sticker-heo@2022.7.5/Sticker-100/裂开.png\">","text":"heo-裂开"},{"icon":"<img src=\"https://cdn1.tianli0.top/npm/sticker-heo@2022.7.5/Sticker-100/警告.png\">","text":"heo-警告"},{"icon":"<img src=\"https://cdn1.tianli0.top/npm/sticker-heo@2022.7.5/Sticker-100/读书.png\">","text":"heo-读书"},{"icon":"<img src=\"https://cdn1.tianli0.top/npm/sticker-heo@2022.7.5/Sticker-100/财神红包.png\">","text":"heo-财神红包"},{"icon":"<img src=\"https://cdn1.tianli0.top/npm/sticker-heo@2022.7.5/Sticker-100/超爱.png\">","text":"heo-超爱"},{"icon":"<img src=\"https://cdn1.tianli0.top/npm/sticker-heo@2022.7.5/Sticker-100/这是啥.png\">","text":"heo-这是啥"},{"icon":"<img src=\"https://cdn1.tianli0.top/npm/sticker-heo@2022.7.5/Sticker-100/送福.png\">","text":"heo-送福"},{"icon":"<img src=\"https://cdn1.tianli0.top/npm/sticker-heo@2022.7.5/Sticker-100/送花.png\">","text":"heo-送花"},{"icon":"<img src=\"https://cdn1.tianli0.top/npm/sticker-heo@2022.7.5/Sticker-100/错误.png\">","text":"heo-错误"},{"icon":"<img src=\"https://cdn1.tianli0.top/npm/sticker-heo@2022.7.5/Sticker-100/阴险.png\">","text":"heo-阴险"},{"icon":"<img src=\"https://cdn1.tianli0.top/npm/sticker-heo@2022.7.5/Sticker-100/难以置信.png\">","text":"heo-难以置信"},{"icon":"<img src=\"https://cdn1.tianli0.top/npm/sticker-heo@2022.7.5/Sticker-100/面具.png\">","text":"heo-面具"},{"icon":"<img src=\"https://cdn1.tianli0.top/npm/sticker-heo@2022.7.5/Sticker-100/饥渴.png\">","text":"heo-饥渴"},{"icon":"<img src=\"https://cdn1.tianli0.top/npm/sticker-heo@2022.7.5/Sticker-100/鬼脸.png\">","text":"heo-鬼脸"},{"icon":"<img src=\"https://cdn1.tianli0.top/npm/sticker-heo@2022.7.5/Sticker-100/黑线.png\">","text":"heo-黑线"},{"icon":"<img src=\"https://cdn1.tianli0.top/npm/sticker-heo@2022.7.5/Sticker-100/鼓掌.png\">","text":"heo-鼓掌"}]},"阿B":{"type":"image","container":[{"text":"bilibili2233-[2233娘_卖萌]","icon":"<img src='https://twikoo-magic.oss-cn-hangzhou.aliyuncs.com/bilibili2233/[2233娘_卖萌].png'>"},{"text":"bilibili2233-[2233娘_吃惊]","icon":"<img src='https://twikoo-magic.oss-cn-hangzhou.aliyuncs.com/bilibili2233/[2233娘_吃惊].png'>"},{"text":"bilibili2233-[2233娘_吐魂]","icon":"<img src='https://twikoo-magic.oss-cn-hangzhou.aliyuncs.com/bilibili2233/[2233娘_吐魂].png'>"},{"text":"bilibili2233-[2233娘_喝水]","icon":"<img src='https://twikoo-magic.oss-cn-hangzhou.aliyuncs.com/bilibili2233/[2233娘_喝水].png'>"},{"text":"bilibili2233-[2233娘_困惑]","icon":"<img src='https://twikoo-magic.oss-cn-hangzhou.aliyuncs.com/bilibili2233/[2233娘_困惑].png'>"},{"text":"bilibili2233-[2233娘_大哭]","icon":"<img src='https://twikoo-magic.oss-cn-hangzhou.aliyuncs.com/bilibili2233/[2233娘_大哭].png'>"},{"text":"bilibili2233-[2233娘_大笑]","icon":"<img src='https://twikoo-magic.oss-cn-hangzhou.aliyuncs.com/bilibili2233/[2233娘_大笑].png'>"},{"text":"bilibili2233-[2233娘_委屈]","icon":"<img src='https://twikoo-magic.oss-cn-hangzhou.aliyuncs.com/bilibili2233/[2233娘_委屈].png'>"},{"text":"bilibili2233-[2233娘_怒]","icon":"<img src='https://twikoo-magic.oss-cn-hangzhou.aliyuncs.com/bilibili2233/[2233娘_怒].png'>"},{"text":"bilibili2233-[2233娘_无言]","icon":"<img src='https://twikoo-magic.oss-cn-hangzhou.aliyuncs.com/bilibili2233/[2233娘_无言].png'>"},{"text":"bilibili2233-[2233娘_汗]","icon":"<img src='https://twikoo-magic.oss-cn-hangzhou.aliyuncs.com/bilibili2233/[2233娘_汗].png'>"},{"text":"bilibili2233-[2233娘_疑问]","icon":"<img src='https://twikoo-magic.oss-cn-hangzhou.aliyuncs.com/bilibili2233/[2233娘_疑问].png'>"},{"text":"bilibili2233-[2233娘_第一]","icon":"<img src='https://twikoo-magic.oss-cn-hangzhou.aliyuncs.com/bilibili2233/[2233娘_第一].png'>"},{"text":"bilibili2233-[2233娘_耶]","icon":"<img src='https://twikoo-magic.oss-cn-hangzhou.aliyuncs.com/bilibili2233/[2233娘_耶].png'>"},{"text":"bilibili2233-[2233娘_郁闷]","icon":"<img src='https://twikoo-magic.oss-cn-hangzhou.aliyuncs.com/bilibili2233/[2233娘_郁闷].png'>"},{"icon":"<img src='https://owo.imaegoo.com/bilibili/6ea59c827c414b4a2955fe79e0f6fd3dcd515e24.png'>","text":"tv_doge"},{"icon":"<img src='https://owo.imaegoo.com/bilibili/a8111ad55953ef5e3be3327ef94eb4a39d535d06.png'>","text":"tv_亲亲"},{"icon":"<img src='https://owo.imaegoo.com/bilibili/bb690d4107620f1c15cff29509db529a73aee261.png'>","text":"tv_偷笑"},{"icon":"<img src='https://owo.imaegoo.com/bilibili/180129b8ea851044ce71caf55cc8ce44bd4a4fc8.png'>","text":"tv_再见"},{"icon":"<img src='https://owo.imaegoo.com/bilibili/b9cbc755c2b3ee43be07ca13de84e5b699a3f101.png'>","text":"tv_冷漠"},{"icon":"<img src='https://owo.imaegoo.com/bilibili/34ba3cd204d5b05fec70ce08fa9fa0dd612409ff.png'>","text":"tv_发怒"},{"icon":"<img src='https://owo.imaegoo.com/bilibili/34db290afd2963723c6eb3c4560667db7253a21a.png'>","text":"tv_发财"},{"icon":"<img src='https://owo.imaegoo.com/bilibili/9e55fd9b500ac4b96613539f1ce2f9499e314ed9.png'>","text":"tv_可爱"},{"icon":"<img src='https://owo.imaegoo.com/bilibili/09dd16a7aa59b77baa1155d47484409624470c77.png'>","text":"tv_吐血"},{"icon":"<img src='https://owo.imaegoo.com/bilibili/fe1179ebaa191569b0d31cecafe7a2cd1c951c9d.png'>","text":"tv_呆"},{"icon":"<img src='https://owo.imaegoo.com/bilibili/9f996894a39e282ccf5e66856af49483f81870f3.png'>","text":"tv_呕吐"},{"icon":"<img src='https://owo.imaegoo.com/bilibili/241ee304e44c0af029adceb294399391e4737ef2.png'>","text":"tv_困"},{"icon":"<img src='https://owo.imaegoo.com/bilibili/1f0b87f731a671079842116e0991c91c2c88645a.png'>","text":"tv_坏笑"},{"icon":"<img src='https://owo.imaegoo.com/bilibili/093c1e2c490161aca397afc45573c877cdead616.png'>","text":"tv_大佬"},{"icon":"<img src='https://owo.imaegoo.com/bilibili/23269aeb35f99daee28dda129676f6e9ea87934f.png'>","text":"tv_大哭"},{"icon":"<img src='https://owo.imaegoo.com/bilibili/d04dba7b5465779e9755d2ab6f0a897b9b33bb77.png'>","text":"tv_委屈"},{"icon":"<img src='https://owo.imaegoo.com/bilibili/a37683fb5642fa3ddfc7f4e5525fd13e42a2bdb1.png'>","text":"tv_害羞"},{"icon":"<img src='https://owo.imaegoo.com/bilibili/7cfa62dafc59798a3d3fb262d421eeeff166cfa4.png'>","text":"tv_尴尬"},{"icon":"<img src='https://owo.imaegoo.com/bilibili/70dc5c7b56f93eb61bddba11e28fb1d18fddcd4c.png'>","text":"tv_微笑"},{"icon":"<img src='https://owo.imaegoo.com/bilibili/90cf159733e558137ed20aa04d09964436f618a1.png'>","text":"tv_思考"},{"icon":"<img src='https://owo.imaegoo.com/bilibili/0d15c7e2ee58e935adc6a7193ee042388adc22af.png'>","text":"tv_惊吓"}]},"Miku":{"type":"image","container":[{"text":"Snow-Miku-3583066@2x","icon":"<img src='https://twikoo-magic.oss-cn-hangzhou.aliyuncs.com/Snow-Miku/3583066@2x.png'>"},{"text":"Snow-Miku-3583067@2x","icon":"<img src='https://twikoo-magic.oss-cn-hangzhou.aliyuncs.com/Snow-Miku/3583067@2x.png'>"},{"text":"Snow-Miku-3583068@2x","icon":"<img src='https://twikoo-magic.oss-cn-hangzhou.aliyuncs.com/Snow-Miku/3583068@2x.png'>"},{"text":"Snow-Miku-3583069@2x","icon":"<img src='https://twikoo-magic.oss-cn-hangzhou.aliyuncs.com/Snow-Miku/3583069@2x.png'>"},{"text":"Snow-Miku-3583070@2x","icon":"<img src='https://twikoo-magic.oss-cn-hangzhou.aliyuncs.com/Snow-Miku/3583070@2x.png'>"},{"text":"Snow-Miku-3583071@2x","icon":"<img src='https://twikoo-magic.oss-cn-hangzhou.aliyuncs.com/Snow-Miku/3583071@2x.png'>"},{"text":"Snow-Miku-3583072@2x","icon":"<img src='https://twikoo-magic.oss-cn-hangzhou.aliyuncs.com/Snow-Miku/3583072@2x.png'>"},{"text":"Snow-Miku-3583073@2x","icon":"<img src='https://twikoo-magic.oss-cn-hangzhou.aliyuncs.com/Snow-Miku/3583073@2x.png'>"},{"text":"Snow-Miku-3583074@2x","icon":"<img src='https://twikoo-magic.oss-cn-hangzhou.aliyuncs.com/Snow-Miku/3583074@2x.png'>"},{"text":"Snow-Miku-3583075@2x","icon":"<img src='https://twikoo-magic.oss-cn-hangzhou.aliyuncs.com/Snow-Miku/3583075@2x.png'>"},{"text":"Snow-Miku-3583076@2x","icon":"<img src='https://twikoo-magic.oss-cn-hangzhou.aliyuncs.com/Snow-Miku/3583076@2x.png'>"},{"text":"Snow-Miku-3583077@2x","icon":"<img src='https://twikoo-magic.oss-cn-hangzhou.aliyuncs.com/Snow-Miku/3583077@2x.png'>"},{"text":"Snow-Miku-3583078@2x","icon":"<img src='https://twikoo-magic.oss-cn-hangzhou.aliyuncs.com/Snow-Miku/3583078@2x.png'>"},{"text":"Snow-Miku-3583079@2x","icon":"<img src='https://twikoo-magic.oss-cn-hangzhou.aliyuncs.com/Snow-Miku/3583079@2x.png'>"},{"text":"Snow-Miku-3583080@2x","icon":"<img src='https://twikoo-magic.oss-cn-hangzhou.aliyuncs.com/Snow-Miku/3583080@2x.png'>"},{"text":"Snow-Miku-3583081@2x","icon":"<img src='https://twikoo-magic.oss-cn-hangzhou.aliyuncs.com/Snow-Miku/3583081@2x.png'>"},{"text":"Snow-Miku-3583082@2x","icon":"<img src='https://twikoo-magic.oss-cn-hangzhou.aliyuncs.com/Snow-Miku/3583082@2x.png'>"},{"text":"Snow-Miku-3583083@2x","icon":"<img src='https://twikoo-magic.oss-cn-hangzhou.aliyuncs.com/Snow-Miku/3583083@2x.png'>"},{"text":"Snow-Miku-3583084@2x","icon":"<img src='https://twikoo-magic.oss-cn-hangzhou.aliyuncs.com/Snow-Miku/3583084@2x.png'>"},{"text":"Snow-Miku-3583085@2x","icon":"<img src='https://twikoo-magic.oss-cn-hangzhou.aliyuncs.com/Snow-Miku/3583085@2x.png'>"},{"text":"Snow-Miku-3583086@2x","icon":"<img src='https://twikoo-magic.oss-cn-hangzhou.aliyuncs.com/Snow-Miku/3583086@2x.png'>"},{"text":"Snow-Miku-3583087@2x","icon":"<img src='https://twikoo-magic.oss-cn-hangzhou.aliyuncs.com/Snow-Miku/3583087@2x.png'>"},{"text":"Snow-Miku-3583088@2x","icon":"<img src='https://twikoo-magic.oss-cn-hangzhou.aliyuncs.com/Snow-Miku/3583088@2x.png'>"},{"text":"Snow-Miku-3583089@2x","icon":"<img src='https://twikoo-magic.oss-cn-hangzhou.aliyuncs.com/Snow-Miku/3583089@2x.png'>"},{"text":"Snow-Miku-3583090@2x","icon":"<img src='https://twikoo-magic.oss-cn-hangzhou.aliyuncs.com/Snow-Miku/3583090@2x.png'>"},{"text":"Snow-Miku-3583091@2x","icon":"<img src='https://twikoo-magic.oss-cn-hangzhou.aliyuncs.com/Snow-Miku/3583091@2x.png'>"},{"text":"Snow-Miku-3583092@2x","icon":"<img src='https://twikoo-magic.oss-cn-hangzhou.aliyuncs.com/Snow-Miku/3583092@2x.png'>"},{"text":"Snow-Miku-3583093@2x","icon":"<img src='https://twikoo-magic.oss-cn-hangzhou.aliyuncs.com/Snow-Miku/3583093@2x.png'>"},{"text":"Snow-Miku-3583094@2x","icon":"<img src='https://twikoo-magic.oss-cn-hangzhou.aliyuncs.com/Snow-Miku/3583094@2x.png'>"},{"text":"Snow-Miku-3583095@2x","icon":"<img src='https://twikoo-magic.oss-cn-hangzhou.aliyuncs.com/Snow-Miku/3583095@2x.png'>"},{"text":"Snow-Miku-3583096@2x","icon":"<img src='https://twikoo-magic.oss-cn-hangzhou.aliyuncs.com/Snow-Miku/3583096@2x.png'>"},{"text":"Snow-Miku-3583097@2x","icon":"<img src='https://twikoo-magic.oss-cn-hangzhou.aliyuncs.com/Snow-Miku/3583097@2x.png'>"},{"text":"Snow-Miku-3583098@2x","icon":"<img src='https://twikoo-magic.oss-cn-hangzhou.aliyuncs.com/Snow-Miku/3583098@2x.png'>"},{"text":"Snow-Miku-3583099@2x","icon":"<img src='https://twikoo-magic.oss-cn-hangzhou.aliyuncs.com/Snow-Miku/3583099@2x.png'>"},{"text":"Snow-Miku-3583100@2x","icon":"<img src='https://twikoo-magic.oss-cn-hangzhou.aliyuncs.com/Snow-Miku/3583100@2x.png'>"},{"text":"Snow-Miku-3583101@2x","icon":"<img src='https://twikoo-magic.oss-cn-hangzhou.aliyuncs.com/Snow-Miku/3583101@2x.png'>"},{"text":"Snow-Miku-3583102@2x","icon":"<img src='https://twikoo-magic.oss-cn-hangzhou.aliyuncs.com/Snow-Miku/3583102@2x.png'>"},{"text":"Snow-Miku-3583103@2x","icon":"<img src='https://twikoo-magic.oss-cn-hangzhou.aliyuncs.com/Snow-Miku/3583103@2x.png'>"},{"text":"Snow-Miku-3583104@2x","icon":"<img src='https://twikoo-magic.oss-cn-hangzhou.aliyuncs.com/Snow-Miku/3583104@2x.png'>"},{"text":"Snow-Miku-3583105@2x","icon":"<img src='https://twikoo-magic.oss-cn-hangzhou.aliyuncs.com/Snow-Miku/3583105@2x.png'>"}]},"柏田":{"type":"image","container":[{"text":"柏田-file_6574832","icon":"<img src='https://twikoo-magic.oss-cn-hangzhou.aliyuncs.com/baitian/file_6574832.webp'>"},{"text":"柏田-file_6574833","icon":"<img src='https://twikoo-magic.oss-cn-hangzhou.aliyuncs.com/baitian/file_6574833.webp'>"},{"text":"柏田-file_6574834","icon":"<img src='https://twikoo-magic.oss-cn-hangzhou.aliyuncs.com/baitian/file_6574834.webp'>"},{"text":"柏田-file_6574835","icon":"<img src='https://twikoo-magic.oss-cn-hangzhou.aliyuncs.com/baitian/file_6574835.webp'>"},{"text":"柏田-file_6574836","icon":"<img src='https://twikoo-magic.oss-cn-hangzhou.aliyuncs.com/baitian/file_6574836.webp'>"},{"text":"柏田-file_6574837","icon":"<img src='https://twikoo-magic.oss-cn-hangzhou.aliyuncs.com/baitian/file_6574837.webp'>"},{"text":"柏田-file_6574838","icon":"<img src='https://twikoo-magic.oss-cn-hangzhou.aliyuncs.com/baitian/file_6574838.webp'>"},{"text":"柏田-file_6574839","icon":"<img src='https://twikoo-magic.oss-cn-hangzhou.aliyuncs.com/baitian/file_6574839.webp'>"},{"text":"柏田-file_6574840","icon":"<img src='https://twikoo-magic.oss-cn-hangzhou.aliyuncs.com/baitian/file_6574840.webp'>"},{"text":"柏田-file_6574841","icon":"<img src='https://twikoo-magic.oss-cn-hangzhou.aliyuncs.com/baitian/file_6574841.webp'>"},{"text":"柏田-file_6574842","icon":"<img src='https://twikoo-magic.oss-cn-hangzhou.aliyuncs.com/baitian/file_6574842.webp'>"},{"text":"柏田-file_6574843","icon":"<img src='https://twikoo-magic.oss-cn-hangzhou.aliyuncs.com/baitian/file_6574843.webp'>"},{"text":"柏田-file_6574844","icon":"<img src='https://twikoo-magic.oss-cn-hangzhou.aliyuncs.com/baitian/file_6574844.webp'>"},{"text":"柏田-file_6574845","icon":"<img src='https://twikoo-magic.oss-cn-hangzhou.aliyuncs.com/baitian/file_6574845.webp'>"},{"text":"柏田-file_6574846","icon":"<img src='https://twikoo-magic.oss-cn-hangzhou.aliyuncs.com/baitian/file_6574846.webp'>"},{"text":"柏田-file_6574847","icon":"<img src='https://twikoo-magic.oss-cn-hangzhou.aliyuncs.com/baitian/file_6574847.webp'>"},{"text":"柏田-file_6574848","icon":"<img src='https://twikoo-magic.oss-cn-hangzhou.aliyuncs.com/baitian/file_6574848.webp'>"},{"text":"柏田-file_6574849","icon":"<img src='https://twikoo-magic.oss-cn-hangzhou.aliyuncs.com/baitian/file_6574849.webp'>"},{"text":"柏田-file_6574850","icon":"<img src='https://twikoo-magic.oss-cn-hangzhou.aliyuncs.com/baitian/file_6574850.webp'>"},{"text":"柏田-file_6574851","icon":"<img src='https://twikoo-magic.oss-cn-hangzhou.aliyuncs.com/baitian/file_6574851.webp'>"},{"text":"柏田-file_6574852","icon":"<img src='https://twikoo-magic.oss-cn-hangzhou.aliyuncs.com/baitian/file_6574852.webp'>"},{"text":"柏田-file_6574853","icon":"<img src='https://twikoo-magic.oss-cn-hangzhou.aliyuncs.com/baitian/file_6574853.webp'>"},{"text":"柏田-file_6574854","icon":"<img src='https://twikoo-magic.oss-cn-hangzhou.aliyuncs.com/baitian/file_6574854.webp'>"},{"text":"柏田-file_6574855","icon":"<img src='https://twikoo-magic.oss-cn-hangzhou.aliyuncs.com/baitian/file_6574855.webp'>"},{"text":"柏田-file_6574856","icon":"<img src='https://twikoo-magic.oss-cn-hangzhou.aliyuncs.com/baitian/file_6574856.webp'>"},{"text":"柏田-file_6574857","icon":"<img src='https://twikoo-magic.oss-cn-hangzhou.aliyuncs.com/baitian/file_6574857.webp'>"},{"text":"柏田-file_6574858","icon":"<img src='https://twikoo-magic.oss-cn-hangzhou.aliyuncs.com/baitian/file_6574858.webp'>"},{"text":"柏田-file_6574859","icon":"<img src='https://twikoo-magic.oss-cn-hangzhou.aliyuncs.com/baitian/file_6574859.webp'>"},{"text":"柏田-file_6574860","icon":"<img src='https://twikoo-magic.oss-cn-hangzhou.aliyuncs.com/baitian/file_6574860.webp'>"},{"text":"柏田-file_6574861","icon":"<img src='https://twikoo-magic.oss-cn-hangzhou.aliyuncs.com/baitian/file_6574861.webp'>"},{"text":"柏田-file_6574862","icon":"<img src='https://twikoo-magic.oss-cn-hangzhou.aliyuncs.com/baitian/file_6574862.webp'>"},{"text":"柏田-file_6574863","icon":"<img src='https://twikoo-magic.oss-cn-hangzhou.aliyuncs.com/baitian/file_6574863.webp'>"},{"text":"柏田-file_6574864","icon":"<img src='https://twikoo-magic.oss-cn-hangzhou.aliyuncs.com/baitian/file_6574864.webp'>"},{"text":"柏田-file_6574865","icon":"<img src='https://twikoo-magic.oss-cn-hangzhou.aliyuncs.com/baitian/file_6574865.webp'>"},{"text":"柏田-file_6574866","icon":"<img src='https://twikoo-magic.oss-cn-hangzhou.aliyuncs.com/baitian/file_6574866.webp'>"},{"text":"柏田-file_6574867","icon":"<img src='https://twikoo-magic.oss-cn-hangzhou.aliyuncs.com/baitian/file_6574867.webp'>"},{"text":"柏田-file_6574868","icon":"<img src='https://twikoo-magic.oss-cn-hangzhou.aliyuncs.com/baitian/file_6574868.webp'>"},{"text":"柏田-file_6574869","icon":"<img src='https://twikoo-magic.oss-cn-hangzhou.aliyuncs.com/baitian/file_6574869.webp'>"},{"text":"柏田-file_6574870","icon":"<img src='https://twikoo-magic.oss-cn-hangzhou.aliyuncs.com/baitian/file_6574870.webp'>"},{"text":"柏田-file_6574871","icon":"<img src='https://twikoo-magic.oss-cn-hangzhou.aliyuncs.com/baitian/file_6574871.webp'>"},{"text":"柏田-file_6574872","icon":"<img src='https://twikoo-magic.oss-cn-hangzhou.aliyuncs.com/baitian/file_6574872.webp'>"},{"text":"柏田-file_6574873","icon":"<img src='https://twikoo-magic.oss-cn-hangzhou.aliyuncs.com/baitian/file_6574873.webp'>"},{"text":"柏田-file_6574874","icon":"<img src='https://twikoo-magic.oss-cn-hangzhou.aliyuncs.com/baitian/file_6574874.webp'>"},{"text":"柏田-file_6574875","icon":"<img src='https://twikoo-magic.oss-cn-hangzhou.aliyuncs.com/baitian/file_6574875.webp'>"},{"text":"柏田-file_6574876","icon":"<img src='https://twikoo-magic.oss-cn-hangzhou.aliyuncs.com/baitian/file_6574876.webp'>"},{"text":"柏田-file_6574877","icon":"<img src='https://twikoo-magic.oss-cn-hangzhou.aliyuncs.com/baitian/file_6574877.webp'>"},{"text":"柏田-file_6574878","icon":"<img src='https://twikoo-magic.oss-cn-hangzhou.aliyuncs.com/baitian/file_6574878.webp'>"},{"text":"柏田-file_6574879","icon":"<img src='https://twikoo-magic.oss-cn-hangzhou.aliyuncs.com/baitian/file_6574879.webp'>"},{"text":"柏田-file_6574880","icon":"<img src='https://twikoo-magic.oss-cn-hangzhou.aliyuncs.com/baitian/file_6574880.webp'>"},{"text":"柏田-file_6574881","icon":"<img src='https://twikoo-magic.oss-cn-hangzhou.aliyuncs.com/baitian/file_6574881.webp'>"},{"text":"柏田-file_6574882","icon":"<img src='https://twikoo-magic.oss-cn-hangzhou.aliyuncs.com/baitian/file_6574882.webp'>"},{"text":"柏田-file_6574883","icon":"<img src='https://twikoo-magic.oss-cn-hangzhou.aliyuncs.com/baitian/file_6574883.webp'>"},{"text":"柏田-file_6574885","icon":"<img src='https://twikoo-magic.oss-cn-hangzhou.aliyuncs.com/baitian/file_6574885.webp'>"},{"text":"柏田-file_6574887","icon":"<img src='https://twikoo-magic.oss-cn-hangzhou.aliyuncs.com/baitian/file_6574887.webp'>"},{"text":"柏田-file_6574888","icon":"<img src='https://twikoo-magic.oss-cn-hangzhou.aliyuncs.com/baitian/file_6574888.webp'>"},{"text":"柏田-file_6574890","icon":"<img src='https://twikoo-magic.oss-cn-hangzhou.aliyuncs.com/baitian/file_6574890.webp'>"},{"text":"柏田-file_6574891","icon":"<img src='https://twikoo-magic.oss-cn-hangzhou.aliyuncs.com/baitian/file_6574891.webp'>"},{"text":"柏田-file_6574893","icon":"<img src='https://twikoo-magic.oss-cn-hangzhou.aliyuncs.com/baitian/file_6574893.webp'>"},{"text":"柏田-file_6574895","icon":"<img src='https://twikoo-magic.oss-cn-hangzhou.aliyuncs.com/baitian/file_6574895.webp'>"},{"text":"柏田-file_6574898","icon":"<img src='https://twikoo-magic.oss-cn-hangzhou.aliyuncs.com/baitian/file_6574898.webp'>"},{"text":"柏田-file_6574899","icon":"<img src='https://twikoo-magic.oss-cn-hangzhou.aliyuncs.com/baitian/file_6574899.webp'>"}]},"猫羽雫":{"type":"image","container":[{"icon":"<img src=\"https://cdn1.tianli0.top/npm/chenyfan-oss@1.1.8/stick_1.png\">","text":""},{"icon":"<img src=\"https://cdn1.tianli0.top/npm/chenyfan-oss@1.1.8/stick_10.png\">","text":""},{"icon":"<img src=\"https://cdn1.tianli0.top/npm/chenyfan-oss@1.1.8/stick_11.png\">","text":""},{"icon":"<img src=\"https://cdn1.tianli0.top/npm/chenyfan-oss@1.1.8/stick_12.png\">","text":""},{"icon":"<img src=\"https://cdn1.tianli0.top/npm/chenyfan-oss@1.1.8/stick_13.png\">","text":""},{"icon":"<img src=\"https://cdn1.tianli0.top/npm/chenyfan-oss@1.1.8/stick_14.png\">","text":""},{"icon":"<img src=\"https://cdn1.tianli0.top/npm/chenyfan-oss@1.1.8/stick_15.png\">","text":""},{"icon":"<img src=\"https://cdn1.tianli0.top/npm/chenyfan-oss@1.1.8/stick_16.png\">","text":""},{"icon":"<img src=\"https://cdn1.tianli0.top/npm/chenyfan-oss@1.1.8/stick_17.png\">","text":""},{"icon":"<img src=\"https://cdn1.tianli0.top/npm/chenyfan-oss@1.1.8/stick_18.png\">","text":""},{"icon":"<img src=\"https://cdn1.tianli0.top/npm/chenyfan-oss@1.1.8/stick_19.png\">","text":""},{"icon":"<img src=\"https://cdn1.tianli0.top/npm/chenyfan-oss@1.1.8/stick_2.png\">","text":""},{"icon":"<img src=\"https://cdn1.tianli0.top/npm/chenyfan-oss@1.1.8/stick_20.png\">","text":""},{"icon":"<img src=\"https://cdn1.tianli0.top/npm/chenyfan-oss@1.1.8/stick_21.png\">","text":""},{"icon":"<img src=\"https://cdn1.tianli0.top/npm/chenyfan-oss@1.1.8/stick_22.png\">","text":""},{"icon":"<img src=\"https://cdn1.tianli0.top/npm/chenyfan-oss@1.1.8/stick_23.png\">","text":""},{"icon":"<img src=\"https://cdn1.tianli0.top/npm/chenyfan-oss@1.1.8/stick_24.png\">","text":""},{"icon":"<img src=\"https://cdn1.tianli0.top/npm/chenyfan-oss@1.1.8/stick_25.png\">","text":""},{"icon":"<img src=\"https://cdn1.tianli0.top/npm/chenyfan-oss@1.1.8/stick_26.png\">","text":""},{"icon":"<img src=\"https://cdn1.tianli0.top/npm/chenyfan-oss@1.1.8/stick_27.png\">","text":""},{"icon":"<img src=\"https://cdn1.tianli0.top/npm/chenyfan-oss@1.1.8/stick_28.png\">","text":""},{"icon":"<img src=\"https://cdn1.tianli0.top/npm/chenyfan-oss@1.1.8/stick_29.png\">","text":""},{"icon":"<img src=\"https://cdn1.tianli0.top/npm/chenyfan-oss@1.1.8/stick_3.png\">","text":""},{"icon":"<img src=\"https://cdn1.tianli0.top/npm/chenyfan-oss@1.1.8/stick_30.png\">","text":""},{"icon":"<img src=\"https://cdn1.tianli0.top/npm/chenyfan-oss@1.1.8/stick_31.png\">","text":""},{"icon":"<img src=\"https://cdn1.tianli0.top/npm/chenyfan-oss@1.1.8/stick_32.png\">","text":""},{"icon":"<img src=\"https://cdn1.tianli0.top/npm/chenyfan-oss@1.1.8/stick_33.png\">","text":""},{"icon":"<img src=\"https://cdn1.tianli0.top/npm/chenyfan-oss@1.1.8/stick_34.png\">","text":""},{"icon":"<img src=\"https://cdn1.tianli0.top/npm/chenyfan-oss@1.1.8/stick_35.png\">","text":""},{"icon":"<img src=\"https://cdn1.tianli0.top/npm/chenyfan-oss@1.1.8/stick_36.png\">","text":""},{"icon":"<img src=\"https://cdn1.tianli0.top/npm/chenyfan-oss@1.1.8/stick_37.png\">","text":""},{"icon":"<img src=\"https://cdn1.tianli0.top/npm/chenyfan-oss@1.1.8/stick_38.png\">","text":""},{"icon":"<img src=\"https://cdn1.tianli0.top/npm/chenyfan-oss@1.1.8/stick_39.png\">","text":""},{"icon":"<img src=\"https://cdn1.tianli0.top/npm/chenyfan-oss@1.1.8/stick_4.png\">","text":""},{"icon":"<img src=\"https://cdn1.tianli0.top/npm/chenyfan-oss@1.1.8/stick_40.png\">","text":""},{"icon":"<img src=\"https://cdn1.tianli0.top/npm/chenyfan-oss@1.1.8/stick_41.png\">","text":""},{"icon":"<img src=\"https://cdn1.tianli0.top/npm/chenyfan-oss@1.1.8/stick_42.png\">","text":""},{"icon":"<img src=\"https://cdn1.tianli0.top/npm/chenyfan-oss@1.1.8/stick_43.png\">","text":""},{"icon":"<img src=\"https://cdn1.tianli0.top/npm/chenyfan-oss@1.1.8/stick_44.png\">","text":""},{"icon":"<img src=\"https://cdn1.tianli0.top/npm/chenyfan-oss@1.1.8/stick_45.png\">","text":""},{"icon":"<img src=\"https://cdn1.tianli0.top/npm/chenyfan-oss@1.1.8/stick_46.png\">","text":""},{"icon":"<img src=\"https://cdn1.tianli0.top/npm/chenyfan-oss@1.1.8/stick_47.png\">","text":""},{"icon":"<img src=\"https://cdn1.tianli0.top/npm/chenyfan-oss@1.1.8/stick_48.png\">","text":""},{"icon":"<img src=\"https://cdn1.tianli0.top/npm/chenyfan-oss@1.1.8/stick_49.png\">","text":""},{"icon":"<img src=\"https://cdn1.tianli0.top/npm/chenyfan-oss@1.1.8/stick_5.png\">","text":""},{"icon":"<img src=\"https://cdn1.tianli0.top/npm/chenyfan-oss@1.1.8/stick_50.png\">","text":""},{"icon":"<img src=\"https://cdn1.tianli0.top/npm/chenyfan-oss@1.1.8/stick_51.png\">","text":""},{"icon":"<img src=\"https://cdn1.tianli0.top/npm/chenyfan-oss@1.1.8/stick_52.png\">","text":""},{"icon":"<img src=\"https://cdn1.tianli0.top/npm/chenyfan-oss@1.1.8/stick_53.png\">","text":""},{"icon":"<img src=\"https://cdn1.tianli0.top/npm/chenyfan-oss@1.1.8/stick_54.png\">","text":""},{"icon":"<img src=\"https://cdn1.tianli0.top/npm/chenyfan-oss@1.1.8/stick_55.png\">","text":""},{"icon":"<img src=\"https://cdn1.tianli0.top/npm/chenyfan-oss@1.1.8/stick_56.png\">","text":""},{"icon":"<img src=\"https://cdn1.tianli0.top/npm/chenyfan-oss@1.1.8/stick_57.png\">","text":""},{"icon":"<img src=\"https://cdn1.tianli0.top/npm/chenyfan-oss@1.1.8/stick_58.png\">","text":""},{"icon":"<img src=\"https://cdn1.tianli0.top/npm/chenyfan-oss@1.1.8/stick_59.png\">","text":""},{"icon":"<img src=\"https://cdn1.tianli0.top/npm/chenyfan-oss@1.1.8/stick_6.png\">","text":""},{"icon":"<img src=\"https://cdn1.tianli0.top/npm/chenyfan-oss@1.1.8/stick_60.png\">","text":""},{"icon":"<img src=\"https://cdn1.tianli0.top/npm/chenyfan-oss@1.1.8/stick_61.png\">","text":""},{"icon":"<img src=\"https://cdn1.tianli0.top/npm/chenyfan-oss@1.1.8/stick_62.png\">","text":""},{"icon":"<img src=\"https://cdn1.tianli0.top/npm/chenyfan-oss@1.1.8/stick_63.png\">","text":""},{"icon":"<img src=\"https://cdn1.tianli0.top/npm/chenyfan-oss@1.1.8/stick_64.png\">","text":""},{"icon":"<img src=\"https://cdn1.tianli0.top/npm/chenyfan-oss@1.1.8/stick_65.png\">","text":""},{"icon":"<img src=\"https://cdn1.tianli0.top/npm/chenyfan-oss@1.1.8/stick_66.png\">","text":""},{"icon":"<img src=\"https://cdn1.tianli0.top/npm/chenyfan-oss@1.1.8/stick_67.png\">","text":""},{"icon":"<img src=\"https://cdn1.tianli0.top/npm/chenyfan-oss@1.1.8/stick_68.png\">","text":""},{"icon":"<img src=\"https://cdn1.tianli0.top/npm/chenyfan-oss@1.1.8/stick_69.png\">","text":""},{"icon":"<img src=\"https://cdn1.tianli0.top/npm/chenyfan-oss@1.1.8/stick_7.png\">","text":""},{"icon":"<img src=\"https://cdn1.tianli0.top/npm/chenyfan-oss@1.1.8/stick_70.png\">","text":""},{"icon":"<img src=\"https://cdn1.tianli0.top/npm/chenyfan-oss@1.1.8/stick_71.png\">","text":""},{"icon":"<img src=\"https://cdn1.tianli0.top/npm/chenyfan-oss@1.1.8/stick_72.png\">","text":""},{"icon":"<img src=\"https://cdn1.tianli0.top/npm/chenyfan-oss@1.1.8/stick_73.png\">","text":""},{"icon":"<img src=\"https://cdn1.tianli0.top/npm/chenyfan-oss@1.1.8/stick_74.png\">","text":""},{"icon":"<img src=\"https://cdn1.tianli0.top/npm/chenyfan-oss@1.1.8/stick_75.png\">","text":""},{"icon":"<img src=\"https://cdn1.tianli0.top/npm/chenyfan-oss@1.1.8/stick_76.png\">","text":""},{"icon":"<img src=\"https://cdn1.tianli0.top/npm/chenyfan-oss@1.1.8/stick_77.png\">","text":""},{"icon":"<img src=\"https://cdn1.tianli0.top/npm/chenyfan-oss@1.1.8/stick_78.png\">","text":""},{"icon":"<img src=\"https://cdn1.tianli0.top/npm/chenyfan-oss@1.1.8/stick_79.png\">","text":""},{"icon":"<img src=\"https://cdn1.tianli0.top/npm/chenyfan-oss@1.1.8/stick_8.png\">","text":""},{"icon":"<img src=\"https://cdn1.tianli0.top/npm/chenyfan-oss@1.1.8/stick_80.png\">","text":""},{"icon":"<img src=\"https://cdn1.tianli0.top/npm/chenyfan-oss@1.1.8/stick_81.png\">","text":""},{"icon":"<img src=\"https://cdn1.tianli0.top/npm/chenyfan-oss@1.1.8/stick_9.png\">","text":""}]}}